{
  "version": 1,
  "author": "CardioIoT - Parte 1",
  "editor": "wokwi",
  "parts": [
    { "type": "board-esp32-devkit-v1", "id": "esp", "top": -12.32, "left": -14.4, "attrs": {} },
    {
      "type": "wokwi-dht22",
      "id": "dht",
      "top": -10,
      "left": 300,
      "attrs": { "temperature": "30.9", "humidity": "55" }
    },
    { "type": "wokwi-mpu6050", "id": "mpu", "top": 160, "left": 300, "attrs": {} },
    {
      "type": "wokwi-slide-switch",
      "id": "sw",
      "top": 52.4,
      "left": 166.3,
      "attrs": { "label": "Wi-Fi" }
    },
    {
      "type": "wokwi-led",
      "id": "led",
      "top": 63.6,
      "left": 109.4,
      "attrs": { "color": "green", "label": "ONLINE" }
    }
  ],
  "connections": [
    [ "dht:VCC", "esp:3V3", "red", [ "h25", "v-40" ] ],
    [ "dht:GND", "esp:GND.1", "black", [ "h15", "v-60" ] ],
    [ "dht:SIG", "esp:15", "green", [ "h-70", "v0" ] ],
    [ "mpu:VCC", "esp:3V3", "red", [ "h-70", "v0" ] ],
    [ "mpu:SDA", "esp:21", "blue", [ "h-110", "v0" ] ],
    [ "mpu:SCL", "esp:22", "blue", [ "h-120", "v0" ] ],
    [ "sw:1", "esp:3V3", "red", [ "h-30", "v0" ] ],
    [ "sw:2", "esp:4", "yellow", [ "h-40", "v0" ] ],
    [ "sw:3", "esp:GND.3", "black", [ "h-50", "v0" ] ],
    [ "led:A", "esp:2", "green", [ "h-20", "v0" ] ],
    [ "led:C", "esp:GND.4", "black", [ "h-30", "v0" ] ],
    [ "led:A", "sw:3", "green", [ "v13.2", "h56.8" ] ],
    [ "led:C", "esp:GND.1", "green", [ "v0" ] ]
  ],
  "dependencies": {}
}