{
  "version": 1,
  "author": "CardioIoT - MQTT",
  "editor": "wokwi",
  "parts": [
    { "type": "board-esp32-devkit-v1", "id": "esp", "top": -12.32, "left": -14.4, "attrs": {} },
    {
      "type": "wokwi-dht22",
      "id": "dht",
      "top": 10,
      "left": 300,
      "attrs": { "temperature": "36.5", "humidity": "55" }
    },
    {
      "type": "wokwi-pushbutton",
      "id": "btn",
      "top": 121.4,
      "left": 182.4,
      "attrs": { "bounce": "0" }
    }
  ],
  "connections": [
    [ "dht:SIG", "esp:15", "green", [ "h-80" ] ],
    [ "btn:1", "esp:5", "yellow", [ "h-90" ] ],
    [ "btn:2", "esp:GND.2", "black", [ "h0" ] ],
    [ "dht:GND", "btn:1.r", "black", [ "v0" ] ],
    [ "btn:1.l", "esp:GND.1", "green", [ "h0" ] ],
    [ "dht:VCC", "btn:2.r", "red", [ "v0" ] ],
    [ "btn:2.l", "esp:3V3", "green", [ "h0" ] ]
  ],
  "dependencies": {}
}